Rank,Term,P.value,Z.score,Combined.score,Genes,Adjusted.P.value
1,TNF-alpha Signaling via NF-kB,3.8603379308360154e-14,5.71550435317914,176.5258471966695,PPP1R15A;CD83;CEBPD;PTGS2;CXCL3;AREG;CXCL2;ICAM1;SOCS3;ZFP36;DRAM1;CCRL2;OLR1;CCL2;MAP3K8;EDN1;GADD45B;DUSP1;G0S2;FOS;CFLAR;KLF4;KLF2;EIF1;NR4A2;NR4A1;IL6;BMP2;NR4A3;KLF9;FOSB;PTX3;CD69;HBEGF,1.8529622068012873e-12
2,KRAS Signaling Up,1.491510411237772e-08,4.119868637110017,74.24370545074892,PPP1R15A;PIGR;CAB39L;RETN;PTGS2;TFPI;AKAP12;TMEM100;CA2;TSPAN7;IL33;ACE;EMP1;G0S2;ETV1;PPBP;KLF4;GNG11;RBP4;BMP2;SLPI;ALDH1A2;PECAM1;SPARCL1;TLR8;HBEGF,3.5796249869706525e-07
3,Inflammatory Response,3.3428697812176576e-06,3.3874389437879837,42.71113672385962,MSR1;EDN1;CSF3;CSF3R;CALCRL;C5AR1;ICAM4;SGMS2;SLC4A4;SELE;ICAM1;MARCO;IL6;LAMP3;CCRL2;PROK2;OLR1;CCL2;CD69;TLR3;CD55;HBEGF,5.158797792391949e-05
4,UV Response Dn,4.298998160326624e-06,3.903607091909517,48.23737463709668,CITED2;DUSP1;PRKCE;CAV1;CELF2;PTPRM;PTPN21;TFPI;FBLN5;SYNE1;TGFBR2;TGFBR3;DAB2;EFEMP1;GRK5;DLC1;PPARG;MGLL,5.158797792391949e-05
5,Adipogenesis,0.00011549016832442133,2.8642462509865827,25.968187833594833,ITIH5;ANGPT1;GPX3;HSPB8;LPL;CYP4B1;LIFR;SORBS1;RETN;DNAJC15;FABP4;ACADL;ALDH2;CAT;SPARCL1;PPARG;CD36;CD302;MGLL,0.0009239213465953706
6,Myogenesis,0.00011549016832442133,2.8642462509865827,25.968187833594833,CFD;VIPR1;GADD45B;GPX3;DAPK2;TNNC1;HSPB8;AK1;FHL1;SORBS1;CLU;COX7A1;DES;FXYD1;DMD;MYH11;CD36;SGCG;HBEGF,0.0009239213465953706
7,IL-2/STAT5 Signaling,0.0003176870302480292,2.7096255546535732,21.824526861230442,ITIH5;CD83;GADD45B;EMP1;AGER;HOPX;SOCS2;SELP;SHE;IL1RL1;BMP2;MUC1;GLIPR2;CA2;NFKBIZ;CAPN3;MAP3K8;SLC39A8,0.0021784253502722
8,Coagulation,0.0004574850338053973,3.067924959963395,23.59162623428206,CFD;CPB2;SERPINA1;VWF;PROS1;FGG;CLU;THBD;F8;PECAM1;CTSH;OLR1;TIMP3;A2M,0.002744910202832384
9,Estrogen Response Late,0.0009322933459358283,2.527252346924478,17.634820754323865,CLIC3;SERPINA1;ABCA3;TNNC1;CAV1;HSPB8;CACNA2D2;EMP2;FOS;KLF4;AREG;PAPSS2;ZFP36;CA2;RPS6KA2;ALDH3B1;TPSAB1,0.004475008060491976
10,Epithelial Mesenchymal Transition,0.0009322933459358283,2.527252346924478,17.634820754323865,ECM2;GADD45B;CADM1;PCOLCE2;AREG;FBLN5;DCN;TGFBR3;DAB2;IL6;ANPEP;ABI3BP;MGP;TIMP3;PTX3;SLIT2;SGCG,0.004475008060491976
11,Angiogenesis,0.0016382975328907239,5.4,34.636127396589565,THBD;APOH;SLCO2A1;LPL;OLR1;S100A4,0.006907496399461142
12,UV Response Up,0.0017268740998652855,2.639066193853428,16.78826753853987,CDKN2B;RRAD;MAOA;GPX3;RAB27A;FOS;CXCL2;ICAM1;NR4A1;BMP2;IL6;CA2;FOSB;CDO1,0.006907496399461142
13,Apoptosis,0.002060552342632615,2.5848024316109424,15.986437496706275,GADD45B;GPX3;HGF;CAV1;EMP1;NEDD9;CFLAR;CLU;DCN;TGFBR3;BMP2;IL6;TIMP3;CD69,0.007608193265105041
14,Xenobiotic Metabolism,0.002424735892589703,2.362174531510916,14.225092202881285,CYB5A;MAOA;PROS1;PAPSS2;RBP4;ALDH2;CA2;CAT;ATOH8;PDK4;AOX1;CD36;PTGDS;CDO1;FBP1;CES1,0.008313380203164696
15,IL-6/JAK/STAT3 Signaling,0.004020600062144841,3.120747562296858,17.215055045025604,ACVRL1;SOCS3;IL6;CSF3R;LEPR;MAP3K8;CD36;CXCL3;A2M,0.012865920198863493
16,Fatty Acid Metabolism,0.004701226093420372,2.430086939533066,13.025100588011611,AOC3;HPGD;MAOA;ACSL5;G0S2;INMT;ACADL;CA2;GPD1;CA4;CD36;MGLL;S100A10,0.014103678280261118
17,Hypoxia,0.00592612609643796,2.199324324324324,11.278980888711299,PPP1R15A;SRPX;CITED2;DUSP1;CAV1;NEDD4L;FOS;DCN;PLAC8;AKAP12;SELENBP1;ZFP36;IL6;S100A4;FBP1,0.01580300292383456
18,Complement,0.00592612609643796,2.199324324324324,11.278980888711299,FCN1;CPM;DOCK4;SERPINA1;NOTCH4;CLU;F8;IL6;CA2;SPOCK2;S100A12;OLR1;CTSH;CD36;CD55,0.01580300292383456
19,Androgen Response,0.009906357771733322,2.6731156167775887,12.335301930177158,AKAP12;STEAP4;HPGD;VAPA;ADAMTS1;PTPN21;TMPRSS2;LIFR;GPD1L,0.025026588054905236
20,Estrogen Response Early,0.02906191218041417,1.8801563375801003,6.652607598604966,CLIC3;ABCA3;HSPB8;SLC1A1;FOS;KLF4;AREG;PAPSS2;MUC1;MLPH;RPS6KA2;DLC1;ALDH3B1,0.06642722784094666
21,p53 Pathway,0.02906191218041417,1.8801563375801003,6.652607598604966,PPP1R15A;CDKN2B;RRAD;ZBTB16;AK1;FOS;KLF4;ALOX15B;BMP2;DRAM1;S100A4;S100A10;HBEGF,0.06642722784094666
22,heme Metabolism,0.057984725621115826,1.7237653856571067,4.90855234623052,SELENBP1;TAL1;CA2;LMO2;CAT;HBB;ACP5;ICAM4;ACKR1;CLIC2;TNS1;ABCG2,0.12651212862788908
23,Apical Junction,0.10750711861848408,1.5694556542014169,3.5001971967952854,CLDN5;VWF;NEGR1;ICAM2;PECAM1;CLDN18;NEXN;ICAM4;SLIT2;ALOX15B;ICAM1,0.20930612124579523
24,Allograft Rejection,0.10750711861848408,1.5694556542014169,3.5001971967952854,FGR;HLA-DMA;IL6;PRKCB;LY75;CCL2;CD47;ITGAL;TLR3;ICAM1;HLA-E,0.20930612124579523
25,Bile Acid Metabolism,0.10901360481551835,1.7955056179775282,3.979347840868846,CH25H;ABCA3;CAT;ACSL5;ABCA8;HSD17B6;NR3C2,0.20930612124579523
26,TGF-beta Signaling,0.12874325976196246,2.15172027972028,4.410886909936905,PPP1R15A;BMP2;SMAD6;SPTBN1,0.2376798641759307
27,Interferon Gamma Response,0.18471229311778337,1.4171924875658823,2.393575523709269,SELP;SOCS3;HLA-DMA;SAMD9L;IL6;P2RY14;CCL2;CD69;PTGS2;ICAM1,0.3283774099871704
28,Hedgehog Signaling,0.37309929521119767,1.57904668143408,1.5567989997050642,RTN1;DPYSL2,0.6395987917906245
29,Pancreas Beta Cells,0.42408331197278404,1.4125376202011304,1.211710582039258,LMO2;FOXA2,0.7019309991273667
30,Interferon Alpha Response,0.46275528953689804,1.1542521994134898,0.889416993061678,SAMD9L;LAMP3;CCRL2;CD47,0.7321248881144036
31,Apical Surface,0.472830656907219,1.2777445706316,0.9570536493514642,SRPX;MAL,0.7321248881144036
32,Cholesterol Homeostasis,0.49988286783743086,1.1336454481076403,0.7860487499082358,LPL;PPARG;CLU,0.7484031830436131
33,Pperoxisome,0.51710420096641,1.073062937062937,0.707696677114716,CADM1;CAT;SCGB1A1;ACSL5,0.7484031830436131
34,Reactive Oxygen Species Pathway,0.5301189213225592,1.1415175524496275,0.7244685868442352,GPX3;CAT,0.7484031830436131
35,Notch Signaling,0.6904113169612905,0.8648575792973313,0.3204018392730804,ARRB1,0.9468498061183414
36,KRAS Signaling Dn,0.7290587904184782,0.8279377105594193,0.2616290657643521,NR4A2;EDN1;ZBTB16;SLC6A14;SCGB1A1;UPK3B,0.9720783872246376
37,Wnt-beta Catenin Signaling,0.7854712725920258,0.6535770093076976,0.1578201515794731,NOTCH4,0.9993607674693545
38,Mitotic Spindle,0.8468262258135666,0.6889817782783216,0.11454995178948735,DOCK4;NEDD9;ARHGAP29;SORBS2;SPTBN1,0.9993607674693545
39,Spermatogenesis,0.868060078381168,0.6078275774504824,0.08600416919432498,SHE;ACE;CFTR,0.9993607674693545
40,PI3K/AKT/mTOR  Signaling,0.8954160492269747,0.5193700830049695,0.05737315588920323,PRKCB;CAB39L,0.9993607674693545
41,Protein Secretion,0.970495956416386,0.28127840492596395,0.008423737731089927,CAV2,0.9993607674693545
42,Oxidative Phosphorylation,0.9766131526159851,0.40589286220684573,0.009605316452151675,CYB5A;MAOB;PDK4,0.9993607674693545
43,Glycolysis,0.9766131526159851,0.40589286220684573,0.009605316452151675,CYB5A;CITED2;DCN,0.9993607674693545
44,Unfolded Protein Response,0.9842178767701643,0.23837296060485474,0.0037920339483667846,CCL2,0.9993607674693545
45,DNA Repair,0.9959625194306836,0.17883382251219831,0.0007234996261890517,AK1,0.9993607674693545
46,G2-M Checkpoint,0.9993607674693545,0.13355076216738287,8.539728894128361e-05,DMD,0.9993607674693545
47,mTORC1 Signaling,0.9993607674693545,0.13355076216738287,8.539728894128361e-05,PPP1R15A,0.9993607674693545
48,Myc Targets V1,0.9993607674693545,0.13355076216738287,8.539728894128361e-05,EXOSC7,0.9993607674693545
